-- phpMyAdmin SQL Dump
-- version 5.1.1
-- https://www.phpmyadmin.net/
--
-- Host: 127.0.0.1
-- Waktu pembuatan: 10 Mar 2022 pada 06.34
-- Versi server: 10.4.19-MariaDB
-- Versi PHP: 7.4.20

SET SQL_MODE = "NO_AUTO_VALUE_ON_ZERO";
START TRANSACTION;
SET time_zone = "+00:00";


/*!40101 SET @OLD_CHARACTER_SET_CLIENT=@@CHARACTER_SET_CLIENT */;
/*!40101 SET @OLD_CHARACTER_SET_RESULTS=@@CHARACTER_SET_RESULTS */;
/*!40101 SET @OLD_COLLATION_CONNECTION=@@COLLATION_CONNECTION */;
/*!40101 SET NAMES utf8mb4 */;

--
-- Database: `inventaris`
--

-- --------------------------------------------------------

--
-- Struktur dari tabel `detail_pinjam`
--

CREATE TABLE `detail_pinjam` (
  `id_detail_pinjam` int(11) NOT NULL,
  `id_inventaris` int(11) NOT NULL,
  `jumlah` int(11) NOT NULL,
  `id_peminjaman` varchar(11) NOT NULL
) ENGINE=InnoDB DEFAULT CHARSET=utf8mb4;

--
-- Dumping data untuk tabel `detail_pinjam`
--

INSERT INTO `detail_pinjam` (`id_detail_pinjam`, `id_inventaris`, `jumlah`, `id_peminjaman`) VALUES
(14, 2, 13, 'PMJ003'),
(15, 4, 5, 'PMJ004'),
(16, 6, 5, 'PMJ005'),
(17, 1, 10, 'PMJ006'),
(18, 2, 10, 'PMJ007'),
(19, 2, 10, 'PMJ008'),
(21, 6, 4, 'PMJ009'),
(22, 2, 10, 'PMJ010'),
(23, 4, 10, 'PMJ011'),
(24, 17, 5, 'PMJ012');

-- --------------------------------------------------------

--
-- Struktur dari tabel `inventaris`
--

CREATE TABLE `inventaris` (
  `id_inventaris` int(11) NOT NULL,
  `nama` varchar(50) NOT NULL,
  `kondisi` varchar(50) NOT NULL,
  `keterangan` text NOT NULL,
  `jumlah` int(11) NOT NULL,
  `id_jenis` int(11) NOT NULL,
  `tanggal_register` timestamp NOT NULL DEFAULT current_timestamp() ON UPDATE current_timestamp(),
  `id_ruang` int(11) NOT NULL,
  `kode_inventaris` varchar(50) NOT NULL,
  `id_petugas` int(11) NOT NULL
) ENGINE=InnoDB DEFAULT CHARSET=utf8mb4;

--
-- Dumping data untuk tabel `inventaris`
--

INSERT INTO `inventaris` (`id_inventaris`, `nama`, `kondisi`, `keterangan`, `jumlah`, `id_jenis`, `tanggal_register`, `id_ruang`, `kode_inventaris`, `id_petugas`) VALUES
(1, 'Laptop', 'Baik', 'Bantuan dari Kementrian', 13, 1, '2021-11-23 05:36:46', 2, 'LP012', 2),
(2, 'Spidol', 'Baik', 'Beli menggunakan dana BOS', 100, 2, '2021-11-22 05:58:24', 2, 'SP001', 2),
(4, 'Penghapus', 'Baik', 'Siap boss', 180, 2, '2021-11-28 09:21:18', 2, 'P001', 2),
(6, 'Proyektor', 'Baik', 'Sumbagan', 50, 1, '2021-11-22 06:50:29', 1, 'PR001', 2),
(17, 'Meja PC', 'Baik', 'Meja PC lab AKL', 20, 2, '2021-11-28 08:41:41', 2, 'COBA125', 2),
(18, 'Kursi', 'Baik', 'Kursi Lab RPL', 50, 2, '2021-11-28 11:33:01', 1, 'COBA123', 2);

-- --------------------------------------------------------

--
-- Struktur dari tabel `jenis`
--

CREATE TABLE `jenis` (
  `id_jenis` int(11) NOT NULL,
  `nama_jenis` varchar(50) NOT NULL,
  `kode_jenis` varchar(50) NOT NULL,
  `keterangan` text NOT NULL
) ENGINE=InnoDB DEFAULT CHARSET=utf8mb4;

--
-- Dumping data untuk tabel `jenis`
--

INSERT INTO `jenis` (`id_jenis`, `nama_jenis`, `kode_jenis`, `keterangan`) VALUES
(1, 'Elektronik', 'E001', 'Barang Elektronik'),
(2, 'Habis Pakai', 'HP001', 'Barang Habis Pakai');

-- --------------------------------------------------------

--
-- Struktur dari tabel `level`
--

CREATE TABLE `level` (
  `id_level` int(11) NOT NULL,
  `nama_level` varchar(50) NOT NULL
) ENGINE=InnoDB DEFAULT CHARSET=utf8mb4;

--
-- Dumping data untuk tabel `level`
--

INSERT INTO `level` (`id_level`, `nama_level`) VALUES
(1, 'admin'),
(2, 'operator'),
(3, 'peminjam');

-- --------------------------------------------------------

--
-- Struktur dari tabel `pegawai`
--

CREATE TABLE `pegawai` (
  `id_pegawai` int(11) NOT NULL,
  `nama_pegawai` varchar(50) NOT NULL,
  `nip` int(20) NOT NULL,
  `alamat` text NOT NULL
) ENGINE=InnoDB DEFAULT CHARSET=utf8mb4;

--
-- Dumping data untuk tabel `pegawai`
--

INSERT INTO `pegawai` (`id_pegawai`, `nama_pegawai`, `nip`, `alamat`) VALUES
(1, 'Affan', 980809090, 'jl. Kedopok'),
(2, 'Rizki', 91238190, 'Jl. Bengawan Solo');

-- --------------------------------------------------------

--
-- Struktur dari tabel `peminjaman`
--

CREATE TABLE `peminjaman` (
  `id_peminjaman` varchar(11) NOT NULL,
  `tanggal_pinjam` date NOT NULL DEFAULT current_timestamp(),
  `tanggal_kembali` date NOT NULL,
  `status_peminjaman` enum('0','1','2') NOT NULL,
  `id_pegawai` int(11) NOT NULL
) ENGINE=InnoDB DEFAULT CHARSET=utf8mb4;

--
-- Dumping data untuk tabel `peminjaman`
--

INSERT INTO `peminjaman` (`id_peminjaman`, `tanggal_pinjam`, `tanggal_kembali`, `status_peminjaman`, `id_pegawai`) VALUES
('PMJ003', '2021-11-10', '2021-11-28', '2', 2),
('PMJ004', '2021-11-23', '2021-11-28', '2', 1),
('PMJ005', '2021-11-23', '2021-11-28', '2', 1),
('PMJ006', '2021-11-28', '0000-00-00', '1', 2),
('PMJ007', '2021-11-28', '0000-00-00', '1', 1),
('PMJ008', '2021-11-28', '0000-00-00', '0', 1),
('PMJ009', '2021-11-28', '2021-11-28', '2', 1),
('PMJ010', '2021-11-28', '0000-00-00', '0', 2),
('PMJ011', '2021-11-28', '0000-00-00', '0', 1),
('PMJ012', '2021-11-28', '2021-11-28', '2', 2);

-- --------------------------------------------------------

--
-- Struktur dari tabel `petugas`
--

CREATE TABLE `petugas` (
  `id_petugas` int(11) NOT NULL,
  `username` varchar(50) NOT NULL,
  `password` varchar(50) NOT NULL,
  `nama_petugas` varchar(50) NOT NULL,
  `id_level` int(11) NOT NULL
) ENGINE=InnoDB DEFAULT CHARSET=utf8mb4;

--
-- Dumping data untuk tabel `petugas`
--

INSERT INTO `petugas` (`id_petugas`, `username`, `password`, `nama_petugas`, `id_level`) VALUES
(2, 'admin', 'admin', 'ADMIN', 1),
(3, 'operator', 'operator', 'OPERATOR', 2),
(4, 'peminjam', 'peminjam', 'PEMINJAM', 3);

-- --------------------------------------------------------

--
-- Struktur dari tabel `ruang`
--

CREATE TABLE `ruang` (
  `id_ruang` int(11) NOT NULL,
  `nama_ruang` varchar(50) NOT NULL,
  `kode_ruang` varchar(50) NOT NULL,
  `keterangan` text NOT NULL
) ENGINE=InnoDB DEFAULT CHARSET=utf8mb4;

--
-- Dumping data untuk tabel `ruang`
--

INSERT INTO `ruang` (`id_ruang`, `nama_ruang`, `kode_ruang`, `keterangan`) VALUES
(1, 'LAB RPL', 'LAB001', 'Lab Jurusan RPL '),
(2, 'LAB AKL', 'LAB002', 'Lab jurusan AKL');

--
-- Indexes for dumped tables
--

--
-- Indeks untuk tabel `detail_pinjam`
--
ALTER TABLE `detail_pinjam`
  ADD PRIMARY KEY (`id_detail_pinjam`),
  ADD KEY `id_inventaris` (`id_inventaris`),
  ADD KEY `id_peminjaman` (`id_peminjaman`);

--
-- Indeks untuk tabel `inventaris`
--
ALTER TABLE `inventaris`
  ADD PRIMARY KEY (`id_inventaris`),
  ADD KEY `id_jenis` (`id_jenis`),
  ADD KEY `id_ruang` (`id_ruang`),
  ADD KEY `id_petugas` (`id_petugas`);

--
-- Indeks untuk tabel `jenis`
--
ALTER TABLE `jenis`
  ADD PRIMARY KEY (`id_jenis`);

--
-- Indeks untuk tabel `level`
--
ALTER TABLE `level`
  ADD PRIMARY KEY (`id_level`);

--
-- Indeks untuk tabel `pegawai`
--
ALTER TABLE `pegawai`
  ADD PRIMARY KEY (`id_pegawai`);

--
-- Indeks untuk tabel `peminjaman`
--
ALTER TABLE `peminjaman`
  ADD PRIMARY KEY (`id_peminjaman`),
  ADD KEY `id_pegawai` (`id_pegawai`);

--
-- Indeks untuk tabel `petugas`
--
ALTER TABLE `petugas`
  ADD PRIMARY KEY (`id_petugas`),
  ADD KEY `id_level` (`id_level`);

--
-- Indeks untuk tabel `ruang`
--
ALTER TABLE `ruang`
  ADD PRIMARY KEY (`id_ruang`);

--
-- AUTO_INCREMENT untuk tabel yang dibuang
--

--
-- AUTO_INCREMENT untuk tabel `detail_pinjam`
--
ALTER TABLE `detail_pinjam`
  MODIFY `id_detail_pinjam` int(11) NOT NULL AUTO_INCREMENT, AUTO_INCREMENT=25;

--
-- AUTO_INCREMENT untuk tabel `inventaris`
--
ALTER TABLE `inventaris`
  MODIFY `id_inventaris` int(11) NOT NULL AUTO_INCREMENT, AUTO_INCREMENT=19;

--
-- AUTO_INCREMENT untuk tabel `jenis`
--
ALTER TABLE `jenis`
  MODIFY `id_jenis` int(11) NOT NULL AUTO_INCREMENT, AUTO_INCREMENT=3;

--
-- AUTO_INCREMENT untuk tabel `level`
--
ALTER TABLE `level`
  MODIFY `id_level` int(11) NOT NULL AUTO_INCREMENT, AUTO_INCREMENT=4;

--
-- AUTO_INCREMENT untuk tabel `pegawai`
--
ALTER TABLE `pegawai`
  MODIFY `id_pegawai` int(11) NOT NULL AUTO_INCREMENT, AUTO_INCREMENT=3;

--
-- AUTO_INCREMENT untuk tabel `petugas`
--
ALTER TABLE `petugas`
  MODIFY `id_petugas` int(11) NOT NULL AUTO_INCREMENT, AUTO_INCREMENT=5;

--
-- AUTO_INCREMENT untuk tabel `ruang`
--
ALTER TABLE `ruang`
  MODIFY `id_ruang` int(11) NOT NULL AUTO_INCREMENT, AUTO_INCREMENT=3;

--
-- Ketidakleluasaan untuk tabel pelimpahan (Dumped Tables)
--

--
-- Ketidakleluasaan untuk tabel `detail_pinjam`
--
ALTER TABLE `detail_pinjam`
  ADD CONSTRAINT `detail_pinjam_ibfk_1` FOREIGN KEY (`id_inventaris`) REFERENCES `inventaris` (`id_inventaris`) ON DELETE CASCADE ON UPDATE CASCADE,
  ADD CONSTRAINT `detail_pinjam_ibfk_2` FOREIGN KEY (`id_peminjaman`) REFERENCES `peminjaman` (`id_peminjaman`) ON DELETE CASCADE ON UPDATE CASCADE;

--
-- Ketidakleluasaan untuk tabel `inventaris`
--
ALTER TABLE `inventaris`
  ADD CONSTRAINT `inventaris_ibfk_1` FOREIGN KEY (`id_jenis`) REFERENCES `jenis` (`id_jenis`) ON DELETE CASCADE ON UPDATE CASCADE,
  ADD CONSTRAINT `inventaris_ibfk_2` FOREIGN KEY (`id_ruang`) REFERENCES `ruang` (`id_ruang`) ON DELETE CASCADE ON UPDATE CASCADE,
  ADD CONSTRAINT `inventaris_ibfk_3` FOREIGN KEY (`id_petugas`) REFERENCES `petugas` (`id_petugas`) ON DELETE CASCADE ON UPDATE CASCADE;

--
-- Ketidakleluasaan untuk tabel `peminjaman`
--
ALTER TABLE `peminjaman`
  ADD CONSTRAINT `peminjaman_ibfk_1` FOREIGN KEY (`id_pegawai`) REFERENCES `pegawai` (`id_pegawai`) ON DELETE CASCADE ON UPDATE CASCADE;

--
-- Ketidakleluasaan untuk tabel `petugas`
--
ALTER TABLE `petugas`
  ADD CONSTRAINT `petugas_ibfk_1` FOREIGN KEY (`id_level`) REFERENCES `level` (`id_level`) ON DELETE CASCADE ON UPDATE CASCADE;
COMMIT;

/*!40101 SET CHARACTER_SET_CLIENT=@OLD_CHARACTER_SET_CLIENT */;
/*!40101 SET CHARACTER_SET_RESULTS=@OLD_CHARACTER_SET_RESULTS */;
/*!40101 SET COLLATION_CONNECTION=@OLD_COLLATION_CONNECTION */;
